{
  "accuracy": 0.976884975233902,
  "f1": 0.9472361809045227,
  "auc": 0.9956380988417313
}