{
  "acc": 0.8733247659261979,
  "f1": 0.8294611962432031,
  "auc": 0.9532864430987282,
  "recall_tampered": 0.7609977324263039
}