{
  "roc_auc": 0.9532864430987282,
  "average_precision": 0.9422240380128543,
  "n": 5447
}